{"dead_zone": 0.002022996558996313, "smoothing": 0.505002203416425, "sensitivity": 3.8762214983713354}